Name, Email, Subject,Message
Thangavignesh T,thangavicky24@gmail.com,spd,asdf
Thangavignesh T,thangavicky24@gmail.com,spd,asdf
VINAY,fireav01@gmail.com,spd,VINAY
thangam,thangavicky24@gmail.com,spd,thangam
thangam,thangavicky24@gmail.com,spd,thangam
Thanga,thangavicky24@gmail.com,spd,vgbhj
papa,papa@gmail.com,papa,papa
sdsd,thangavignesht2002@gmail.com,dsdsdsd,dsd
sdsd,viany@gamil.com,gjhsjdxshx,dssd
sdsd,viany@gamil.com,gjhsjdxshx,dssd
kjhcadilsjfoef,thangavignesht2002@gmail.com,kxad;sfie;ihfew,k;xfhguihlj
scdss,viany@gamil.com,wdqewfrwe,dewrewr
ww,fireav01@gmail.com,ww,ww
Thangavignesh T,thangavignesht2002@gmail.com,spd,lkjhgfdsxfghjkl;lkj
adnhjdah,jhdsja@gmail.com,ajhs,jhjash
ansbas,nbadnb@gmail.com,snndbn,jbdsnd
mnan,jansjan@gmail.com,kashj,jbsajba
tta,tta@gmail.com,tta,tta
Thangavignesh T,fireav01@gmail.com,spd,nkjashdas
Thangavignesh T,fireav01@gmail.com,2132,2112
